Use Session,Print Output,Write File,mean_time,median_time,std_time,min_time,max_time
False,False,False,127.272,126.57,1.8840429341651832,125.01,131.36
False,False,True,127.30699999999999,127.2,2.670460010310334,124.48,133.75
False,True,False,128.991,128.38,2.3920676783439325,126.49,134.47
False,True,True,120.075,120.065,2.6514409080514936,116.95,125.76
True,False,False,0.647,0.685,0.07318925239860474,0.53,0.71
True,False,True,0.745,0.725,0.12589678312014166,0.55,0.95
True,True,False,1.225,1.27,0.14198982749165914,0.94,1.37
True,True,True,1.3030000000000002,1.315,0.1615927666147907,1.04,1.53
