Use Session,Print Output,Write File,mean_time_tcp,median_time_tcp,std_time_tcp,min_time_tcp,max_time_tcp,mean_time_udp,median_time_udp,std_time_udp,min_time_udp,max_time_udp
False,False,False,127.272,126.57,1.8840429341651832,125.01,131.36,7.080909090909091,7.41,1.1019024870237344,3.77,7.53
False,False,True,127.307,127.2,2.670460010310334,124.48,133.75,7.723999999999999,7.685,0.1483389512044776,7.57,8.09
False,True,False,128.991,128.38,2.3920676783439325,126.49,134.47,8.546000000000001,8.445,0.2938329079217947,8.24,9.14
False,True,True,120.075,120.065,2.6514409080514936,116.95,125.76,8.631,8.645,0.153220973325021,8.34,8.88
True,False,False,0.647,0.685,0.0731892523986047,0.53,0.71,3.455454545454545,3.58,0.5402103967226776,1.84,3.72
True,False,True,0.745,0.725,0.1258967831201416,0.55,0.95,3.847,3.835,0.099224772892436,3.73,4.06
True,True,False,1.225,1.27,0.1419898274916591,0.94,1.37,4.25,4.245,0.0666666666666667,4.17,4.36
True,True,True,1.3030000000000002,1.315,0.1615927666147907,1.04,1.53,5.013,4.855,0.3714550967329548,4.71,5.93
