Use Session,Print Output,Write File,mean_time,median_time,std_time,min_time,max_time
False,False,False,7.080909090909091,7.41,1.1019024870237344,3.77,7.53
False,False,True,7.723999999999999,7.6850000000000005,0.14833895120447768,7.57,8.09
False,True,False,8.546000000000001,8.445,0.29383290792179473,8.24,9.14
False,True,True,8.631,8.645,0.15322097332502102,8.34,8.88
True,False,False,3.455454545454545,3.58,0.5402103967226776,1.84,3.72
True,False,True,3.847,3.835,0.09922477289243607,3.73,4.06
True,True,False,4.25,4.245,0.06666666666666671,4.17,4.36
True,True,True,5.013,4.855,0.3714550967329548,4.71,5.93
